{
  "metadata": {
    "map_origin_tag_id": 0,
    "tag_size": 0.0625,
    "timestamp": "2025-10-28 16:12:12",
    "camera_intrinsics": {
      "fx": 603.59423828125,
      "fy": 603.0836791992188,
      "cx": 329.98138427734375,
      "cy": 246.50851440429688
    }
  },
  "tags": {
    "0": {
      "position": [
        0.0,
        0.0,
        0.0
      ],
      "rotation_matrix": [
        [
          1.0,
          0.0,
          0.0
        ],
        [
          0.0,
          1.0,
          0.0
        ],
        [
          0.0,
          0.0,
          1.0
        ]
      ],
      "rotation_euler_deg": [
        0.0,
        0.0,
        0.0
      ],
      "is_origin": true
    },
    "1": {
      "position": [
        0.19705541103013585,
        -0.001650768422027913,
        -0.02016763941498867
      ],
      "rotation_matrix": [
        [
          0.973232232062911,
          -0.0020238155950884767,
          0.2298149835069147
        ],
        [
          -0.007583975602937552,
          0.9991338208388606,
          0.04091566167124489
        ],
        [
          -0.2296987283114567,
          -0.04156335196274248,
          0.9723738900164489
        ]
      ],
      "rotation_euler_deg": [
        -2.447572824893013,
        13.279335278527743,
        -0.44647205929984185
      ],
      "is_origin": false
    },
    "2": {
      "position": [
        -0.0012359673701664575,
        -0.1009560979156111,
        -0.00031519437139304607
      ],
      "rotation_matrix": [
        [
          0.9999169171374628,
          -0.008099922533190173,
          0.01002746614401405
        ],
        [
          0.007930699445404955,
          0.9998273796560168,
          0.016802228914393653
        ],
        [
          -0.010161831951950643,
          -0.016721308116931222,
          0.9998085491864123
        ]
      ],
      "rotation_euler_deg": [
        -0.9581545113743635,
        0.5822401038878232,
        0.4544238338633935
      ],
      "is_origin": false
    }
  }
}