{
  "0": {
    "position": [
      0.0,
      0.0,
      0.0
    ],
    "rotation_matrix": [
      [
        1.0,
        0.0,
        0.0
      ],
      [
        0.0,
        1.0,
        0.0
      ],
      [
        0.0,
        0.0,
        1.0
      ]
    ],
    "rotation_euler": [
      0.0,
      0.0,
      0.0
    ]
  },
  "1": {
    "position": [
      0.14520228273043975,
      8.448956196514465e-05,
      -0.0054979242627035685
    ],
    "rotation_matrix": [
      [
        0.9948265449271888,
        0.02104051102117486,
        0.0993853228812038
      ],
      [
        -0.03892864760996403,
        0.9825930616317027,
        0.1816464577923206
      ],
      [
        -0.09383339439396059,
        -0.1845756542158413,
        0.9783287392115707
      ]
    ],
    "rotation_euler": [
      -10.684082561303201,
      5.3841782940039,
      -2.2409030144086897
    ]
  },
  "2": {
    "position": [
      -0.004779290251853585,
      -0.15782712852216588,
      0.015391442542947553
    ],
    "rotation_matrix": [
      [
        0.999341396961799,
        0.03584137171684908,
        -0.005671718601538177
      ],
      [
        -0.034785521017467624,
        0.9907081113955301,
        0.1314815787197845
      ],
      [
        0.010331497760910727,
        -0.13119769086595312,
        0.991302388812545
      ]
    ],
    "rotation_euler": [
      -7.5392124787977135,
      -0.5919617490518679,
      -1.9935721493414036
    ]
  }
}